shape,rows,cols,kernel,median_ms,gbps,pct_peak,pct_torch
4096x512,4096,512,torch,0.0784,213.9,66.8,100.0
4096x512,4096,512,v1,1.2042,13.9,4.4,6.5
4096x512,4096,512,v2,0.2301,72.9,22.8,34.1
4096x512,4096,512,v3,0.1556,107.8,33.7,50.4
4096x512,4096,512,v4,0.1305,128.5,40.2,60.1
4096x1024,4096,1024,torch,0.1591,210.9,65.9,100.0
4096x1024,4096,1024,v1,1.0018,33.5,10.5,15.9
4096x1024,4096,1024,v2,0.1425,235.5,73.6,111.7
4096x1024,4096,1024,v3,0.1408,238.3,74.5,113.0
4096x1024,4096,1024,v4,0.1393,240.9,75.3,114.2
4096x4096,4096,4096,torch,0.5488,244.6,76.4,100.0
4096x4096,4096,4096,v1,3.9206,34.2,10.7,14.0
4096x4096,4096,4096,v2,0.6607,203.1,63.5,83.1
4096x4096,4096,4096,v3,0.6543,205.1,64.1,83.9
4096x4096,4096,4096,v4,0.717,187.2,58.5,76.5
1024x16384,1024,16384,torch,0.7824,171.5,53.6,100.0
1024x16384,1024,16384,v1,13.4678,10.0,3.1,5.8
1024x16384,1024,16384,v2,1.0922,122.9,38.4,71.6
1024x16384,1024,16384,v3,1.0921,122.9,38.4,71.6
1024x16384,1024,16384,v4,0.8556,156.9,49.0,91.4
